{
	"numParts": 5,
	"posOffsetX": 0,
	"posOffsetY": -100,
	"posRadius": 100,
	"posRadialStart": 0,
	"posRadialEnd": 6.283185307179586,
	"posWidth": 200,
	"posHeight": 200,
	"posConstrainRect": true,
	"posAngle": 0,
	"posLength": 1,
	"posRandomLine": true,
	"posConstrainRadial": true,
	"posRandomRadial": true,
	"posShape": "point",
	"maxVel": 272,
	"minVel": 80,
	"velConstrainRect": true,
	"velConstrainRadial": true,
	"velRandomRadial": false,
	"velShape": "point",
	"velOffsetX": 0,
	"velOffsetY": 100,
	"velAngMin": 0,
	"velAngMax": 0,
	"velRadius": 250,
	"velRadialStart": 4.1887902047863905,
	"velRadialEnd": 5.23598775598299,
	"velWidth": 200,
	"velHeight": 200,
	"velAngle": 0,
	"velLength": 50,
	"velRandomLine": true,
	"minStartTime": 0,
	"maxStartTime": 1,
	"minLifespan": 1,
	"maxLifespan": 1,
	"gravity": 0,
	"startSize": 80,
	"endSize": 30,
	"loop": true,
	"colEnvKeyframes": [
		0.4,
		0.6
	],
	"alpha": 0.8,
	"colEnv0": [
		0.7098039215686275,
		0.2784313725490196,
		0.9921568627450981
	],
	"colEnv1": [
		0.1803921568627451,
		0.4196078431372549,
		0.9921568627450981
	],
	"colEnv2": [
		0.5137254901960784,
		0.2196078431372549,
		1
	],
	"colEnv3": [
		0.13725490196078433,
		0.27450980392156865,
		0.984313725490196
	],
	"alphaGradient": [
		0,
		1,
		1,
		0
	],
	"alphaStops": [
		0.4,
		0.6
	],
	"cells": [
		13
	],
	"gravityX": 0,
	"gravityY": 0,
	"additive": false
}