{
	"numParts": 1,
	"posOffsetX": 0,
	"posOffsetY": 0,
	"posRadius": 100,
	"posRadialStart": 0,
	"posRadialEnd": 3.142,
	"posWidth": 200,
	"posHeight": 200,
	"posConstrainRect": true,
	"posAngle": 0,
	"posLength": 10,
	"posRandomLine": true,
	"posConstrainRadial": true,
	"posRandomRadial": true,
	"posShape": "point",
	"maxVel": 100,
	"minVel": 70,
	"velConstrainRect": true,
	"velConstrainRadial": true,
	"velRandomRadial": true,
	"velShape": "center",
	"velOffsetX": 0,
	"velOffsetY": 100,
	"velAngMin": 0,
	"velAngMax": 0,
	"velRadius": 200,
	"velRadialStart": 0,
	"velRadialEnd": 6.283185307179586,
	"velWidth": 200,
	"velHeight": 200,
	"velAngle": 0,
	"velLength": 200,
	"velRandomLine": true,
	"minStartTime": 0,
	"maxStartTime": 0,
	"minLifespan": 0.5,
	"maxLifespan": 0.5,
	"gravityX": 0,
	"gravityY": 0,
	"startSize": 80,
	"endSize": 80,
	"loop": true,
	"colEnvKeyframes": [
		0.5,
		0.7
	],
	"alpha": 1,
	"colEnv0": [
		0.984313725490196,
		0.8313725490196079,
		0.8313725490196079
	],
	"colEnv1": [
		1,
		0.4823529411764706,
		0.42745098039215684
	],
	"colEnv2": [
		0.7333333333333333,
		0.5058823529411764,
		0.5058823529411764
	],
	"colEnv3": [
		0.9882352941176471,
		0.8784313725490196,
		0.8666666666666667
	],
	"alphaGradient": [
		1,
		1,
		1,
		1
	],
	"alphaStops": [
		0.3,
		0.6
	],
	"additive": false,
	"cells": [
		21
	]
}