{
	"numParts": 10,
	"posOffsetX": 0,
	"posOffsetY": 0,
	"posRadius": 100,
	"posRadialStart": 0,
	"posRadialEnd": 0,
	"posWidth": 200,
	"posHeight": 200,
	"posConstrainRect": true,
	"posAngle": 0,
	"posLength": 1,
	"posRandomLine": true,
	"posConstrainRadial": true,
	"posRandomRadial": true,
	"posShape": "point",
	"maxVel": 122,
	"minVel": -143,
	"velConstrainRect": true,
	"velConstrainRadial": true,
	"velRandomRadial": true,
	"velShape": "radial",
	"velOffsetX": 0,
	"velOffsetY": 0,
	"velAngMin": 0,
	"velAngMax": 0,
	"velRadius": 400,
	"velRadialStart": 0,
	"velRadialEnd": 6.283185307179586,
	"velWidth": 200,
	"velHeight": 200,
	"velAngle": 0,
	"velLength": 50,
	"velRandomLine": true,
	"minStartTime": 0,
	"maxStartTime": 0.1,
	"minLifespan": 0.2,
	"maxLifespan": 0.4,
	"gravity": 0,
	"startSize": 80,
	"endSize": 5,
	"loop": false,
	"colEnvKeyframes": [
		0.4,
		0.6
	],
	"alpha": 0.5,
	"colEnv0": [
		0.996078431372549,
		0.4980392156862745,
		0.1607843137254902
	],
	"colEnv1": [
		0.6549019607843137,
		0.34901960784313724,
		0.29411764705882354
	],
	"colEnv2": [
		0.611764705882353,
		0.3568627450980392,
		0.24705882352941178
	],
	"colEnv3": [
		0.5803921568627451,
		0.2980392156862745,
		0.25882352941176473
	],
	"alphaGradient": [
		0,
		0,
		1,
		0
	],
	"alphaStops": [
		0.1,
		0.6
	],
	"cells": [
		22
	],
	"gravityX": 0,
	"gravityY": 0,
	"additive": false
}