{
	"numParts": 1,
	"posOffsetX": 0,
	"posOffsetY": 0,
	"posRadius": 100,
	"posRadialStart": 0,
	"posRadialEnd": 0,
	"posWidth": 200,
	"posHeight": 200,
	"posConstrainRect": true,
	"posAngle": 0,
	"posLength": 1,
	"posRandomLine": true,
	"posConstrainRadial": true,
	"posRandomRadial": true,
	"posShape": "point",
	"maxVel": 272,
	"minVel": 80,
	"velConstrainRect": true,
	"velConstrainRadial": false,
	"velRandomRadial": true,
	"velShape": "center",
	"velOffsetX": 0,
	"velOffsetY": 0,
	"velAngMin": 0,
	"velAngMax": 0,
	"velRadius": 500,
	"velRadialStart": 0,
	"velRadialEnd": 6.283185307179586,
	"velWidth": 200,
	"velHeight": 200,
	"velAngle": 0,
	"velLength": 50,
	"velRandomLine": true,
	"minStartTime": 0,
	"maxStartTime": 0,
	"minLifespan": 0.5,
	"maxLifespan": 0.5,
	"gravity": 0,
	"startSize": 1,
	"endSize": 200,
	"loop": false,
	"colEnvKeyframes": [
		0.4,
		0.6
	],
	"alpha": 0.4,
	"colEnv0": [
		0.9921568627450981,
		0.9254901960784314,
		0.8745098039215686
	],
	"colEnv1": [
		0.9882352941176471,
		0.7725490196078432,
		0.07450980392156863
	],
	"colEnv2": [
		0.996078431372549,
		0.6823529411764706,
		0.043137254901960784
	],
	"colEnv3": [
		0.996078431372549,
		0.2235294117647059,
		0.08235294117647059
	],
	"alphaGradient": [
		1,
		1,
		1,
		0
	],
	"alphaStops": [
		0.1,
		0.6
	],
	"cells": [
		20
	],
	"gravityX": 0,
	"gravityY": 0,
	"additive": false
}