{
  "numParts": 3,
  "posOffsetX": 0,
  "posOffsetY": 0,
  "posRadius": 100,
  "posRadialStart": 0,
  "posRadialEnd": 0,
  "posWidth": 200,
  "posHeight": 200,
  "posConstrainRect": true,
  "posAngle": 0,
  "posLength": 1,
  "posRandomLine": true,
  "posConstrainRadial": true,
  "posRandomRadial": true,
  "posShape": "point",
  "maxVel": 272,
  "minVel": 80,
  "velConstrainRect": true,
  "velConstrainRadial": true,
  "velRandomRadial": false,
  "velShape": "center",
  "velOffsetX": 0,
  "velOffsetY": 0,
  "velAngMin": -20,
  "velAngMax": 20,
  "velRadius": 250,
  "velRadialStart": 4.1887902047863905,
  "velRadialEnd": 5.23598775598299,
  "velWidth": 200,
  "velHeight": 200,
  "velAngle": 0,
  "velLength": 50,
  "velRandomLine": true,
  "minStartTime": 0,
  "maxStartTime": 0.5,
  "minLifespan": 0.3,
  "maxLifespan": 0.5,
  "gravity": 0,
  "startSize": 1,
  "endSize": 60,
  "loop": true,
  "colEnvKeyframes": [
    "0.4",
    "0.6"
  ],
  "alpha": 0.3,
  "colEnv0": [
    0.07450980392156863,
    0.26666666666666666,
    0.9882352941176471
  ],
  "colEnv1": [
    0.5725490196078431,
    0.8627450980392157,
    0.9921568627450981
  ],
  "colEnv2": [
    0.41568627450980394,
    0.6313725490196078,
    1
  ],
  "colEnv3": [
    0.043137254901960784,
    0.2235294117647059,
    0.984313725490196
  ],
  "alphaGradient": [
    "1",
    1,
    1,
    0
  ],
  "alphaStops": [
    "0.4",
    "0.6"
  ],
  "cells": [
    9,
    20
  ],
  "textureID": "_128x128",
  "gravityX": 0,
  "gravityY": 0,
  "additive": true
}