{
  "numParts": 9,
  "posOffsetX": 0,
  "posOffsetY": 0,
  "posRadius": 100,
  "posRadialStart": 0,
  "posRadialEnd": 0,
  "posWidth": 200,
  "posHeight": 200,
  "posConstrainRect": true,
  "posAngle": 0,
  "posLength": 1,
  "posRandomLine": true,
  "posConstrainRadial": true,
  "posRandomRadial": true,
  "posShape": "point",
  "maxVel": 272,
  "minVel": 80,
  "velConstrainRect": true,
  "velConstrainRadial": true,
  "velRandomRadial": false,
  "velShape": "center",
  "velOffsetX": 0,
  "velOffsetY": 0,
  "velAngMin": -10,
  "velAngMax": 10,
  "velRadius": 250,
  "velRadialStart": 4.1887902047863905,
  "velRadialEnd": 5.23598775598299,
  "velWidth": 200,
  "velHeight": 200,
  "velAngle": 0,
  "velLength": 50,
  "velRandomLine": true,
  "minStartTime": 0,
  "maxStartTime": 0.2,
  "minLifespan": 0.5,
  "maxLifespan": 0.8,
  "gravity": 0,
  "startSize": 30,
  "endSize": 70,
  "loop": true,
  "colEnvKeyframes": [
    "0.4",
    "0.6"
  ],
  "alpha": 0.3,
  "colEnv0": [
    0.00784313725490196,
    0.25098039215686274,
    0.9882352941176471
  ],
  "colEnv1": [
    0.5019607843137255,
    0.8117647058823529,
    0.9921568627450981
  ],
  "colEnv2": [
    0.8549019607843137,
    0.9529411764705882,
    1
  ],
  "colEnv3": [
    0.08627450980392157,
    0.30196078431372547,
    0.9803921568627451
  ],
  "alphaGradient": [
    "0",
    1,
    1,
    "0"
  ],
  "alphaStops": [
    "0.4",
    "0.6"
  ],
  "cells": [
    24
  ],
  "textureID": "_128x128",
  "gravityX": 0,
  "gravityY": 0,
  "additive": true
}