{
  "numParts": 20,
  "posOffsetX": 0,
  "posOffsetY": 0,
  "posRadius": 100,
  "posRadialStart": 0,
  "posRadialEnd": 0,
  "posWidth": 20,
  "posHeight": 50,
  "posConstrainRect": false,
  "posAngle": 0,
  "posLength": 1,
  "posRandomLine": true,
  "posConstrainRadial": true,
  "posRandomRadial": true,
  "posShape": "rectangle",
  "maxVel": 272,
  "minVel": 80,
  "velConstrainRect": true,
  "velConstrainRadial": true,
  "velRandomRadial": true,
  "velShape": "radial",
  "velOffsetX": 0,
  "velOffsetY": 0,
  "velAngMin": 0,
  "velAngMax": 0,
  "velRadius": 250,
  "velRadialStart": 1.2217304763960306,
  "velRadialEnd": 1.9198621771937625,
  "velWidth": 200,
  "velHeight": 200,
  "velAngle": 0,
  "velLength": 50,
  "velRandomLine": true,
  "minStartTime": 0,
  "maxStartTime": 0,
  "minLifespan": 0.3,
  "maxLifespan": 0.5,
  "gravity": 0,
  "startSize": 5,
  "endSize": 1,
  "loop": true,
  "colEnvKeyframes": [
    "0.4",
    "0.6"
  ],
  "alpha": 1,
  "colEnv0": [
    0.34901960784313724,
    0.9647058823529412,
    0.07450980392156863
  ],
  "colEnv1": [
    0.803921568627451,
    0.9686274509803922,
    0.00784313725490196
  ],
  "colEnv2": [
    0.7686274509803922,
    0.9725490196078431,
    0.047058823529411764
  ],
  "colEnv3": [
    0.2784313725490196,
    0.9647058823529412,
    0.058823529411764705
  ],
  "alphaGradient": [
    "0",
    1,
    1,
    "0"
  ],
  "alphaStops": [
    "0.1",
    "0.6"
  ],
  "cells": [
    2
  ],
  "textureID": "_16x16",
  "gravityX": 0,
  "gravityY": 0,
  "additive": false
}