{
  "numParts": 1,
  "posOffsetX": 0,
  "posOffsetY": 0,
  "posRadius": 100,
  "posRadialStart": 0,
  "posRadialEnd": 0,
  "posWidth": 200,
  "posHeight": 200,
  "posConstrainRect": true,
  "posAngle": 0,
  "posLength": 1,
  "posRandomLine": true,
  "posConstrainRadial": true,
  "posRandomRadial": true,
  "posShape": "point",
  "maxVel": 272,
  "minVel": 80,
  "velConstrainRect": true,
  "velConstrainRadial": true,
  "velRandomRadial": false,
  "velShape": "center",
  "velOffsetX": 0,
  "velOffsetY": 0,
  "velAngMin": 0,
  "velAngMax": 0,
  "velRadius": 250,
  "velRadialStart": 4.1887902047863905,
  "velRadialEnd": 5.23598775598299,
  "velWidth": 200,
  "velHeight": 200,
  "velAngle": 0,
  "velLength": 50,
  "velRandomLine": true,
  "minStartTime": 0,
  "maxStartTime": 0,
  "minLifespan": 0.5,
  "maxLifespan": 0.5,
  "gravity": 0,
  "startSize": 15,
  "endSize": 15,
  "loop": true,
  "colEnvKeyframes": [
    "0.4",
    "0.6"
  ],
  "alpha": 1,
  "colEnv0": [
    0.6,
    0.9764705882352941,
    0.403921568627451
  ],
  "colEnv1": [
    0.8196078431372549,
    0.9764705882352941,
    0.36470588235294116
  ],
  "colEnv2": [
    0.9019607843137255,
    0.9764705882352941,
    0.4588235294117647
  ],
  "colEnv3": [
    0.5098039215686274,
    0.9686274509803922,
    0.3764705882352941
  ],
  "alphaGradient": [
    1,
    1,
    1,
    "1"
  ],
  "alphaStops": [
    "0.1",
    "0.6"
  ],
  "cells": [
    2
  ],
  "textureID": "_16x16",
  "gravityX": 0,
  "gravityY": 0,
  "additive": true
}