{
  "numParts": 15,
  "posOffsetX": 0,
  "posOffsetY": 0,
  "posRadius": 100,
  "posRadialStart": 0,
  "posRadialEnd": 6.283185307179586,
  "posWidth": 200,
  "posHeight": 200,
  "posConstrainRect": true,
  "posAngle": 0,
  "posLength": 1,
  "posRandomLine": true,
  "posConstrainRadial": true,
  "posRandomRadial": true,
  "posShape": "point",
  "maxVel": 272,
  "minVel": 80,
  "velConstrainRect": true,
  "velConstrainRadial": true,
  "velRandomRadial": false,
  "velShape": "point",
  "velOffsetX": 0,
  "velOffsetY": 200,
  "velAngMin": -20,
  "velAngMax": 20,
  "velRadius": 250,
  "velRadialStart": 4.1887902047863905,
  "velRadialEnd": 5.23598775598299,
  "velWidth": 200,
  "velHeight": 200,
  "velAngle": 0,
  "velLength": 50,
  "velRandomLine": true,
  "minStartTime": 0,
  "maxStartTime": 0.3,
  "minLifespan": 0.2,
  "maxLifespan": 0.5,
  "gravity": 0,
  "startSize": 60,
  "endSize": 40,
  "loop": true,
  "colEnvKeyframes": [
    "0.4",
    "0.6"
  ],
  "alpha": 0.8,
  "colEnv0": [
    0.7137254901960784,
    0.6392156862745098,
    0.9921568627450981
  ],
  "colEnv1": [
    0.1803921568627451,
    0.4196078431372549,
    0.9921568627450981
  ],
  "colEnv2": [
    0.7372549019607844,
    0.8196078431372549,
    1
  ],
  "colEnv3": [
    0.13725490196078433,
    0.27450980392156865,
    0.984313725490196
  ],
  "alphaGradient": [
    "1",
    "1",
    "1",
    "0"
  ],
  "alphaStops": [
    "0.4",
    "0.8"
  ],
  "cells": [
    16
  ],
  "textureID": "_128x128",
  "gravityX": 0,
  "gravityY": 0,
  "additive": true
}