{
	"numParts": 20,
	"posOffsetX": 0,
	"posOffsetY": 0,
	"posRadius": 5,
	"posRadialStart": 6.283185307179586,
	"posRadialEnd": 0,
	"posWidth": 51,
	"posHeight": 50,
	"posConstrainRect": false,
	"posAngle": 0,
	"posLength": 1,
	"posRandomLine": true,
	"posConstrainRadial": true,
	"posRandomRadial": false,
	"posShape": "point",
	"maxVel": 272,
	"minVel": 80,
	"velConstrainRect": true,
	"velConstrainRadial": true,
	"velRandomRadial": true,
	"velShape": "radial",
	"velOffsetX": 0,
	"velOffsetY": 0,
	"velAngMin": -6,
	"velAngMax": 6,
	"velRadius": 272.7,
	"velRadialStart": 0,
	"velRadialEnd": 6.283185307179586,
	"velWidth": 200,
	"velHeight": 200,
	"velAngle": 0,
	"velLength": 50,
	"velRandomLine": true,
	"minStartTime": 0,
	"maxStartTime": 0.1,
	"minLifespan": 0.1,
	"maxLifespan": 0.4,
	"gravity": 0,
	"startSize": 5,
	"endSize": 2,
	"loop": false,
	"colEnvKeyframes": [
		0.4,
		0.6
	],
	"alpha": 1,
	"colEnv0": [
		0.8509803921568627,
		0.796078431372549,
		0.984313725490196
	],
	"colEnv1": [
		0.047058823529411764,
		0.0392156862745098,
		0.06274509803921569
	],
	"colEnv2": [
		0.796078431372549,
		0.792156862745098,
		1
	],
	"colEnv3": [
		0.3058823529411765,
		0.2784313725490196,
		0.3764705882352941
	],
	"alphaGradient": [
		0,
		1,
		1,
		0
	],
	"alphaStops": [
		0.1,
		0.6
	],
	"cells": [
		2
	],
	"gravityX": 0,
	"gravityY": 0,
	"additive": true
}