{
  "numParts": 3,
  "posOffsetX": 0,
  "posOffsetY": 0,
  "posRadius": 10,
  "posRadialStart": 0,
  "posRadialEnd": 6.283185307179586,
  "posWidth": 200,
  "posHeight": 200,
  "posConstrainRect": true,
  "posAngle": 0,
  "posLength": 1,
  "posRandomLine": true,
  "posConstrainRadial": false,
  "posRandomRadial": true,
  "posShape": "radial",
  "maxVel": 272,
  "minVel": 80,
  "velConstrainRect": true,
  "velConstrainRadial": true,
  "velRandomRadial": false,
  "velShape": "line",
  "velOffsetX": 0,
  "velOffsetY": -40,
  "velAngMin": -2,
  "velAngMax": 2,
  "velRadius": 250,
  "velRadialStart": 0,
  "velRadialEnd": 5.23598775598299,
  "velWidth": 200,
  "velHeight": 200,
  "velAngle": 0,
  "velLength": 50,
  "velRandomLine": true,
  "minStartTime": 0,
  "maxStartTime": 0,
  "minLifespan": 0.2,
  "maxLifespan": 0.3,
  "gravity": 0,
  "startSize": 1,
  "endSize": 100,
  "loop": false,
  "colEnvKeyframes": [
    "0.4",
    "0.6"
  ],
  "alpha": 0.5,
  "colEnv0": [
    0.6078431372549019,
    0.9725490196078431,
    0.11372549019607843
  ],
  "colEnv1": [
    0.9019607843137255,
    0.9725490196078431,
    0.14901960784313725
  ],
  "colEnv2": [
    0.4117647058823529,
    0.5450980392156862,
    0.0784313725490196
  ],
  "colEnv3": [
    0.4745098039215686,
    0.6666666666666666,
    0.14901960784313725
  ],
  "alphaGradient": [
    1,
    1,
    1,
    0
  ],
  "alphaStops": [
    "0.1",
    "0.6"
  ],
  "cells": [
    22
  ],
  "textureID": "_128x128",
  "gravityX": 0,
  "gravityY": 0,
  "additive": false
}